Id,FirstName,LastName,Age,Address,Email
0,Blaise,Bruen,45,10862 Aliya Divide,rosamond.hegmann@murazik.us
0,Noemie,Satterfield,82,177 Delpha View,randall@jacobs.com
0,Jessyca,O'Reilly,48,56481 Shawna Via,aliza@hauck.us
0,Lonie,Mueller,30,044 Batz Forks,ima@cartwright.info
0,Oswald,Kunze,84,88470 Fisher Squares,ruby@miller.com
0,Mariane,Predovic,35,200 Jamal Dam,mack@kihn.info
0,Jeanette,Powlowski,50,723 Danyka Course,kallie@gulgowskilarkin.ca
0,Eden,Beier,43,87877 O'Hara Village,magnolia_ziemann@ullrichboyer.name
0,Tito,Purdy,12,656 Beth Curve,beryl_hoppe@mccullough.ca
0,Rudolph,Gislason,80,60473 Adams Mountain,kasandra@hermanhaag.com
0,Elton,Morar,53,68273 Farrell Fort,fidel@reinger.ca
0,Ryann,Steuber,85,3153 Ebert Summit,rebeka@zulaufwehner.us
0,Jaqueline,Moen,4,21401 Marquardt Lakes,daphne_kilback@kirlin.co.uk
0,Myriam,Wyman,31,88238 Langosh Forest,josie@sengerstark.ca
0,Horace,Altenwerth,75,11314 Witting Shoals,collin@mueller.name
0,Conner,Beer,17,56354 Mueller Forks,charity.wyman@ziemann.us
0,Elmira,Beer,60,866 Reichert Motorway,ervin.smith@wardblanda.biz
0,Merritt,Daugherty,49,066 Lisette Dale,kendrick_simonis@bruen.ca
0,Kaela,Lesch,5,7258 Jerel Pike,summer.dickinson@gaylord.co.uk
0,Travis,Muller,76,56654 Dietrich Mill,charity@pfeffer.info
0,Chris,Bashirian,35,35877 Ralph Prairie,helen@vandervortgraham.biz
0,Logan,Spinka,29,36201 Rylan Hill,anne@berge.info
0,Kiana,Kessler,20,741 Margot Track,dimitri_beer@whitetorp.name
0,Chad,Grady,33,7670 Ashton Parkways,agustina@rath.uk
0,Gloria,Kerluke,22,181 Schinner Ford,kellen@carroll.uk
0,Jon,Ferry,3,0036 Efren Summit,camryn.strosin@lubowitz.biz
0,Marcelina,Moen,30,61682 Benjamin Inlet,layla.cormier@stamm.biz
0,Kirstin,Yost,35,456 Aubree Expressway,naomie@ward.info
0,Mallory,Weimann,7,4563 Legros Via,oswaldo_adams@hammes.info
0,Zoie,Goodwin,25,764 Haley Terrace,brant_abbott@mcdermott.name
0,Tianna,Runolfsson,27,5675 Stiedemann Tunnel,ozella@howell.com
0,Delbert,Collins,68,677 Altenwerth Groves,fay@hauck.name
0,Reva,Buckridge,72,8431 Cole Stravenue,emil.legros@russelflatley.biz
0,Helga,Hand,45,48785 Senger Harbor,rudy@johnsonzboncak.biz
0,Ima,Walker,4,4272 Layne Drive,kyra_marvin@okonanderson.co.uk
0,Enrico,Jerde,82,14603 Gillian Meadows,prince@hoeger.info
0,Kade,Weber,35,173 Earline Islands,halle_homenick@brakus.com
0,Ramiro,Marquardt,11,47613 Melvina Via,destinee_howell@smitham.uk
0,Gladys,Bailey,37,66650 Maximilian Mount,chelsey@wunschheathcote.us
0,Zora,Pagac,77,1288 Abdul Burgs,cedrick@jewess.ca
0,Stephany,Mosciski,1,340 Bayer Parks,guy@koss.ca
0,Ima,Zieme,76,734 Dawn Rapids,nathan@pfefferjones.uk
0,Neha,Yundt,27,4015 Bergnaum Ports,pedro@wolffschmidt.co.uk
0,Myrl,Schaefer,79,5007 Conroy Falls,jarrell@goldner.uk
0,Manuela,Swaniawski,66,0457 Kovacek Coves,tyrel@wiegandnicolas.biz
0,Ashtyn,Lebsack,12,6555 Vidal Path,antoinette_langosh@feeney.co.uk
0,Fabian,Durgan,99,67843 Zelma Fords,lorenz.heathcote@labadie.info
0,Minnie,Stamm,47,7274 Sarah Square,shannon@boderosenbaum.biz
0,Micheal,Reinger,81,381 Gerlach Inlet,moises@hayes.uk
0,Buddy,Lynch,55,5572 Wyman Brooks,kaitlin.bradtke@feeney.info
0,Caleb,Herzog,22,56173 Lia Mountains,josianne@nitzsche.us
0,Rickie,Swaniawski,6,8188 Paucek Key,hilton@ziemedouglas.us
0,Rosina,Halvorson,42,4316 Ullrich Passage,camille_ohara@wilkinson.name
0,Noemi,Donnelly,43,736 Murphy Summit,emily@schiller.uk
